{"train_loss": [2.0096497788758536, 1.8349646738423107, 1.6425288205256547, 1.5272525451372347, 1.4269641448774606], "train_acc": [19.266, 28.864, 39.294, 44.464, 48.316], "test_loss": [1.8977250358726405, 1.7503055771694909, 1.6089898317675047, 1.540941760509829, 1.5092535018920898], "test_acc": [23.35, 34.19, 41.19, 44.3, 46.13]}