{"train_loss": [0.833552656174977, 0.2065222284782416, 0.1594857342922484, 0.12813539545276145, 0.11437379771164422], "train_acc": [68.835, 94.865, 96.19333333333333, 96.99666666666667, 97.32666666666667], "test_loss": [0.22422839453608928, 0.1717440618078307, 0.16119063791194105, 0.15917422188942532, 0.12120353834721248], "test_acc": [94.11, 96.06, 96.03, 96.05, 97.23]}