{"train_loss": [0.58912030427949, 0.1759223784607992, 0.1228350588698377, 0.10138173794238838, 0.08278945656513163], "train_acc": [79.705, 95.01, 96.565, 97.16166666666666, 97.73833333333333], "test_loss": [0.17698770299954694, 0.17378513604591164, 0.11365070590849588, 0.1153518866712251, 0.13663940876280253], "test_acc": [94.84, 95.2, 96.67, 96.98, 96.47]}