{"train_loss": [0.6913250625165287, 0.22256381403821618, 0.14499778669081262, 0.12708679055854646, 0.10278017279991844], "train_acc": [75.50333333333333, 94.385, 96.475, 96.94, 97.47666666666667], "test_loss": [0.24075084789125603, 0.22831877572108297, 0.14396920106432673, 0.13160538918020415, 0.12409401745638586], "test_acc": [93.6, 93.59, 96.45, 96.85, 97.38]}